
{
    "region" : "ap-south-1",
    "configuration" : "Debug",
    "framework"     : "netcoreapp3.1",
    "self-contained" : false,
    "application"    : "BookEventApp",
    "environment"    : "BookEventApp-dev",
    "app-path"       : "/",
    "iis-website"    : "Default Web Site",
    "enable-xray"    : false,
    "enhanced-health-type" : "basic",
    "additional-options"   : "\"aws:autoscaling:launchconfiguration,SecurityGroups\"=\"sg-0c218b73eae027888\";\"aws:ec2:vpc,Subnets\"=\"subnet-0486f68e4800a15e7\"",
    "solution-stack"       : "64bit Windows Server 2019 v2.11.5 running IIS 10.0",
    "environment-type"     : "SingleInstance",
    "cname"                : "bookeventapp-dev",
    "instance-type"        : "t2.micro",
    "key-pair"             : "",
    "instance-profile"     : "aws-elasticbeanstalk-ec2-role",
    "service-role"         : "aws-elasticbeanstalk-service-role"
}